{
    "accuracy": 0.9298093587521664,
    "precision": 0.816,
    "recall": 0.6375,
    "auc": 0.905954476861167
}
